Horodateur	Si votre lit disposait d'un systÃ¨me de rÃ©veil par vibrations, qu'en penseriez-vous ?	Si votre lit NE disposait PAS d'un systÃ¨me de rÃ©veil par vibrations, qu'en penseriez-vous ?	Si votre lit disposait d'un systÃ¨me de rÃ©veil audio, qu'en penseriez-vous ?	Si votre lit NE disposait PAS d'un systÃ¨me de rÃ©veil audio, qu'en penseriez-vous ?	Si votre lit disposait d'une fonction d'analyse de sommeil, qu'en penseriez-vous ?	Si vous aviez un lit SANS analyse de sommeil, qu'en penseriez-vous ?	Si votre lit avait la possiblitÃ© de vous faire des massages, qu'en penseriez-vous ?	Si vous aviez un lit SANS possibilitÃ© de massage, qu'en penseriez-vous ?	Si votre lit prÃ©sentait des interconnexions domotiques (lumiÃ¨re, stores, etc.), qu'en penseriez-vous ?	Si vous aviez un lit SANS possibilitÃ© domotique, qu'en penseriez-vous ?	Si votre lit integrait une fonction "ne pas dÃ©ranger", qu'en penseriez-vous ?	Si vous aviez un lit SANS fonction "ne pas dÃ©ranger", qu'en penseriez-vous ?	Si votre lit comprenait une fonction de chauffage pour l'hiver, qu'en penseriez-vous ? 	Si vous n'aviez PAS de fonction de chauffage dans votre lit, qu'en penseriez-vous ?	Si votre lit comprenait une fonction de climatisation pour l'Ã©tÃ©, qu'en penseriez-vous ?	Si vous n'aviez PAS de fonction de climatisation dans votre lit, qu'en penseriez-vous ?	Si votre lit pouvait Ãªtre rÃ©glable au niveau du sommier et des pieds, qu'en penseriez-vous ?	Si vous NE pouviez PAS rÃ©gler votre lit au niveau du sommier et des pieds, qu'en penseriez-vous ?	Si votre lit vous permettait de manger dedans Ã  l'aide d'un plateau rÃ©glable, qu'en penseriez-vous ?	Si vous NE pouviez PAS manger dans votre lit Ã  l'aide d'un plateau rÃ©glable, qu'en penseriez-vous ?	Si votre lit pouvait Ãªtre facilement rangÃ© et compactÃ©, qu'en penseriez-vous ?	Si vous NE pouviez PAS compacter votre lit facilement, qu'en penseriez-vous ?
12/10/2021 18:01:09	Cela me plaÃ®t ğŸ¤©	Cela m'est Ã©gal ğŸ¤·â€â™‚ï¸	Cela me plaÃ®t ğŸ¤©	Je m'en contente ğŸ˜‘	Cela me plaÃ®t ğŸ¤©	Cela m'est Ã©gal ğŸ¤·â€â™‚ï¸	Cela m'est Ã©gal ğŸ¤·â€â™‚ï¸	Cela m'est Ã©gal ğŸ¤·â€â™‚ï¸	Cela me plaÃ®t ğŸ¤©	Je m'en contente ğŸ˜‘	Cela me plaÃ®t ğŸ¤©	Cela me dÃ©plaÃ®t â˜¹ï¸	Cela m'est Ã©gal ğŸ¤·â€â™‚ï¸	Cela m'est Ã©gal ğŸ¤·â€â™‚ï¸	Cela me plaÃ®t ğŸ¤©	Je m'en contente ğŸ˜‘	Cela me plaÃ®t ğŸ¤©	Je m'en contente ğŸ˜‘	Cela m'est Ã©gal ğŸ¤·â€â™‚ï¸	Cela m'est Ã©gal ğŸ¤·â€â™‚ï¸	Cela me plaÃ®t ğŸ¤©	Cela m'est Ã©gal ğŸ¤·â€â™‚ï¸
12/10/2021 18:01:44	Cela me plaÃ®t ğŸ¤©	Je m'en contente ğŸ˜‘	Cela me plaÃ®t ğŸ¤©	Cela me dÃ©plaÃ®t â˜¹ï¸	Cela m'est Ã©gal ğŸ¤·â€â™‚ï¸	Cela m'est Ã©gal ğŸ¤·â€â™‚ï¸	Cela me dÃ©plaÃ®t â˜¹ï¸	Cela me plaÃ®t ğŸ¤©	Cela me plaÃ®t ğŸ¤©	Cela me dÃ©plaÃ®t â˜¹ï¸	Cela m'est Ã©gal ğŸ¤·â€â™‚ï¸	Cela m'est Ã©gal ğŸ¤·â€â™‚ï¸	Cela me plaÃ®t ğŸ¤©	Je m'en contente ğŸ˜‘	Cela me plaÃ®t ğŸ¤©	Je m'en contente ğŸ˜‘	Cela m'est Ã©gal ğŸ¤·â€â™‚ï¸	Cela m'est Ã©gal ğŸ¤·â€â™‚ï¸	Cela me plaÃ®t ğŸ¤©	Cela m'est Ã©gal ğŸ¤·â€â™‚ï¸	Cela m'est Ã©gal ğŸ¤·â€â™‚ï¸	Cela m'est Ã©gal ğŸ¤·â€â™‚ï¸
12/10/2021 18:02:17	Cela m'est Ã©gal ğŸ¤·â€â™‚ï¸	Cela est normal ainsi ğŸ™‚	Cela me plaÃ®t ğŸ¤©	Cela m'est Ã©gal ğŸ¤·â€â™‚ï¸	Cela est normal ainsi ğŸ™‚	Cela m'est Ã©gal ğŸ¤·â€â™‚ï¸	Cela me plaÃ®t ğŸ¤©	Cela me dÃ©plaÃ®t â˜¹ï¸	Cela m'est Ã©gal ğŸ¤·â€â™‚ï¸	Cela m'est Ã©gal ğŸ¤·â€â™‚ï¸	Cela est normal ainsi ğŸ™‚	Cela m'est Ã©gal ğŸ¤·â€â™‚ï¸	Cela me plaÃ®t ğŸ¤©	Je m'en contente ğŸ˜‘	Cela est normal ainsi ğŸ™‚	Je m'en contente ğŸ˜‘	Cela m'est Ã©gal ğŸ¤·â€â™‚ï¸	Cela m'est Ã©gal ğŸ¤·â€â™‚ï¸	Cela me dÃ©plaÃ®t â˜¹ï¸	Cela est normal ainsi ğŸ™‚	Cela me plaÃ®t ğŸ¤©	Je m'en contente ğŸ˜‘
12/10/2021 18:03:18	Cela me plaÃ®t ğŸ¤©	Cela est normal ainsi ğŸ™‚	Cela me plaÃ®t ğŸ¤©	Cela est normal ainsi ğŸ™‚	Cela me plaÃ®t ğŸ¤©	Cela est normal ainsi ğŸ™‚	Cela est normal ainsi ğŸ™‚	Cela m'est Ã©gal ğŸ¤·â€â™‚ï¸	Cela m'est Ã©gal ğŸ¤·â€â™‚ï¸	Cela m'est Ã©gal ğŸ¤·â€â™‚ï¸	Cela me plaÃ®t ğŸ¤©	Cela est normal ainsi ğŸ™‚	Cela m'est Ã©gal ğŸ¤·â€â™‚ï¸	Cela m'est Ã©gal ğŸ¤·â€â™‚ï¸	Cela m'est Ã©gal ğŸ¤·â€â™‚ï¸	Cela m'est Ã©gal ğŸ¤·â€â™‚ï¸	Cela est normal ainsi ğŸ™‚	Cela me dÃ©plaÃ®t â˜¹ï¸	Cela m'est Ã©gal ğŸ¤·â€â™‚ï¸	Cela m'est Ã©gal ğŸ¤·â€â™‚ï¸	Cela me plaÃ®t ğŸ¤©	Cela est normal ainsi ğŸ™‚
12/10/2021 18:12:30	Cela m'est Ã©gal ğŸ¤·â€â™‚ï¸	Cela m'est Ã©gal ğŸ¤·â€â™‚ï¸	Cela m'est Ã©gal ğŸ¤·â€â™‚ï¸	Cela m'est Ã©gal ğŸ¤·â€â™‚ï¸	Cela me plaÃ®t ğŸ¤©	Cela m'est Ã©gal ğŸ¤·â€â™‚ï¸	Cela m'est Ã©gal ğŸ¤·â€â™‚ï¸	Cela m'est Ã©gal ğŸ¤·â€â™‚ï¸	Cela me dÃ©plaÃ®t â˜¹ï¸	Cela est normal ainsi ğŸ™‚	Cela m'est Ã©gal ğŸ¤·â€â™‚ï¸	Cela m'est Ã©gal ğŸ¤·â€â™‚ï¸	Cela me dÃ©plaÃ®t â˜¹ï¸	Cela est normal ainsi ğŸ™‚	Cela est normal ainsi ğŸ™‚	Cela m'est Ã©gal ğŸ¤·â€â™‚ï¸	Cela est normal ainsi ğŸ™‚	Je m'en contente ğŸ˜‘	Cela m'est Ã©gal ğŸ¤·â€â™‚ï¸	Cela m'est Ã©gal ğŸ¤·â€â™‚ï¸	Cela est normal ainsi ğŸ™‚	Cela m'est Ã©gal ğŸ¤·â€â™‚ï¸
12/10/2021 18:13:02	Cela me plaÃ®t ğŸ¤©	Cela est normal ainsi ğŸ™‚	Cela m'est Ã©gal ğŸ¤·â€â™‚ï¸	Je m'en contente ğŸ˜‘	Cela m'est Ã©gal ğŸ¤·â€â™‚ï¸	Je m'en contente ğŸ˜‘	Cela me plaÃ®t ğŸ¤©	Je m'en contente ğŸ˜‘	Cela me plaÃ®t ğŸ¤©	Cela me dÃ©plaÃ®t â˜¹ï¸	Cela me plaÃ®t ğŸ¤©	Cela est normal ainsi ğŸ™‚	Cela me plaÃ®t ğŸ¤©	Je m'en contente ğŸ˜‘	Cela me dÃ©plaÃ®t â˜¹ï¸	Cela est normal ainsi ğŸ™‚	Cela m'est Ã©gal ğŸ¤·â€â™‚ï¸	Cela est normal ainsi ğŸ™‚	Cela m'est Ã©gal ğŸ¤·â€â™‚ï¸	Je m'en contente ğŸ˜‘	Cela me plaÃ®t ğŸ¤©	Je m'en contente ğŸ˜‘
12/10/2021 18:17:07	Cela me dÃ©plaÃ®t â˜¹ï¸	Cela est normal ainsi ğŸ™‚	Cela me plaÃ®t ğŸ¤©	Cela est normal ainsi ğŸ™‚	Cela me plaÃ®t ğŸ¤©	Cela est normal ainsi ğŸ™‚	Cela me plaÃ®t ğŸ¤©	Cela est normal ainsi ğŸ™‚	Cela m'est Ã©gal ğŸ¤·â€â™‚ï¸	Cela est normal ainsi ğŸ™‚	Cela me dÃ©plaÃ®t â˜¹ï¸	Cela est normal ainsi ğŸ™‚	Cela me dÃ©plaÃ®t â˜¹ï¸	Cela est normal ainsi ğŸ™‚	Cela me dÃ©plaÃ®t â˜¹ï¸	Cela est normal ainsi ğŸ™‚	Cela me plaÃ®t ğŸ¤©	Cela est normal ainsi ğŸ™‚	Cela me plaÃ®t ğŸ¤©	Cela est normal ainsi ğŸ™‚	Cela me plaÃ®t ğŸ¤©	Cela est normal ainsi ğŸ™‚
12/10/2021 18:17:12	Cela me dÃ©plaÃ®t â˜¹ï¸	Cela me plaÃ®t ğŸ¤©	Cela me plaÃ®t ğŸ¤©	Je m'en contente ğŸ˜‘	Cela me plaÃ®t ğŸ¤©	Je m'en contente ğŸ˜‘	Cela me plaÃ®t ğŸ¤©	Je m'en contente ğŸ˜‘	Cela m'est Ã©gal ğŸ¤·â€â™‚ï¸	Cela m'est Ã©gal ğŸ¤·â€â™‚ï¸	Cela me plaÃ®t ğŸ¤©	Cela m'est Ã©gal ğŸ¤·â€â™‚ï¸	Cela me plaÃ®t ğŸ¤©	Cela m'est Ã©gal ğŸ¤·â€â™‚ï¸	Cela me plaÃ®t ğŸ¤©	Cela m'est Ã©gal ğŸ¤·â€â™‚ï¸	Cela me plaÃ®t ğŸ¤©	Cela m'est Ã©gal ğŸ¤·â€â™‚ï¸	Cela me plaÃ®t ğŸ¤©	Cela est normal ainsi ğŸ™‚	Cela me plaÃ®t ğŸ¤©	Cela m'est Ã©gal ğŸ¤·â€â™‚ï¸
12/10/2021 18:20:25	Cela me dÃ©plaÃ®t â˜¹ï¸	Cela me plaÃ®t ğŸ¤©	Cela m'est Ã©gal ğŸ¤·â€â™‚ï¸	Cela m'est Ã©gal ğŸ¤·â€â™‚ï¸	Cela m'est Ã©gal ğŸ¤·â€â™‚ï¸	Cela m'est Ã©gal ğŸ¤·â€â™‚ï¸	Cela me plaÃ®t ğŸ¤©	Cela est normal ainsi ğŸ™‚	Cela m'est Ã©gal ğŸ¤·â€â™‚ï¸	Cela m'est Ã©gal ğŸ¤·â€â™‚ï¸	Cela m'est Ã©gal ğŸ¤·â€â™‚ï¸	Cela est normal ainsi ğŸ™‚	Cela me plaÃ®t ğŸ¤©	Cela est normal ainsi ğŸ™‚	Cela me plaÃ®t ğŸ¤©	Cela est normal ainsi ğŸ™‚	Cela me plaÃ®t ğŸ¤©	Cela est normal ainsi ğŸ™‚	Cela me plaÃ®t ğŸ¤©	Cela est normal ainsi ğŸ™‚	Cela m'est Ã©gal ğŸ¤·â€â™‚ï¸	Cela m'est Ã©gal ğŸ¤·â€â™‚ï¸
12/10/2021 18:22:55	Cela me dÃ©plaÃ®t â˜¹ï¸	Cela est normal ainsi ğŸ™‚	Cela m'est Ã©gal ğŸ¤·â€â™‚ï¸	Cela m'est Ã©gal ğŸ¤·â€â™‚ï¸	Cela me plaÃ®t ğŸ¤©	Cela m'est Ã©gal ğŸ¤·â€â™‚ï¸	Cela me plaÃ®t ğŸ¤©	Cela est normal ainsi ğŸ™‚	Cela me dÃ©plaÃ®t â˜¹ï¸	Cela est normal ainsi ğŸ™‚	Cela me dÃ©plaÃ®t â˜¹ï¸	Cela est normal ainsi ğŸ™‚	Cela me plaÃ®t ğŸ¤©	Je m'en contente ğŸ˜‘	Cela me dÃ©plaÃ®t â˜¹ï¸	Cela est normal ainsi ğŸ™‚	Cela me plaÃ®t ğŸ¤©	Je m'en contente ğŸ˜‘	Cela me dÃ©plaÃ®t â˜¹ï¸	Cela est normal ainsi ğŸ™‚	Cela m'est Ã©gal ğŸ¤·â€â™‚ï¸	Cela m'est Ã©gal ğŸ¤·â€â™‚ï¸
12/10/2021 18:25:25	Cela m'est Ã©gal ğŸ¤·â€â™‚ï¸	Cela m'est Ã©gal ğŸ¤·â€â™‚ï¸	Cela me plaÃ®t ğŸ¤©	Cela m'est Ã©gal ğŸ¤·â€â™‚ï¸	Cela me plaÃ®t ğŸ¤©	Cela m'est Ã©gal ğŸ¤·â€â™‚ï¸	Cela me plaÃ®t ğŸ¤©	Cela m'est Ã©gal ğŸ¤·â€â™‚ï¸	Cela est normal ainsi ğŸ™‚	Cela m'est Ã©gal ğŸ¤·â€â™‚ï¸	Je m'en contente ğŸ˜‘	Cela m'est Ã©gal ğŸ¤·â€â™‚ï¸	Cela me plaÃ®t ğŸ¤©	Cela m'est Ã©gal ğŸ¤·â€â™‚ï¸	Cela me plaÃ®t ğŸ¤©	Cela m'est Ã©gal ğŸ¤·â€â™‚ï¸	Cela me plaÃ®t ğŸ¤©	Je m'en contente ğŸ˜‘	Cela me plaÃ®t ğŸ¤©	Cela m'est Ã©gal ğŸ¤·â€â™‚ï¸	Cela me plaÃ®t ğŸ¤©	Cela est normal ainsi ğŸ™‚
12/10/2021 18:26:34	Cela me dÃ©plaÃ®t â˜¹ï¸	Cela m'est Ã©gal ğŸ¤·â€â™‚ï¸	Cela me plaÃ®t ğŸ¤©	Je m'en contente ğŸ˜‘	Cela me dÃ©plaÃ®t â˜¹ï¸	Cela m'est Ã©gal ğŸ¤·â€â™‚ï¸	Cela me plaÃ®t ğŸ¤©	Cela est normal ainsi ğŸ™‚	Cela m'est Ã©gal ğŸ¤·â€â™‚ï¸	Cela m'est Ã©gal ğŸ¤·â€â™‚ï¸	Cela me dÃ©plaÃ®t â˜¹ï¸	Cela m'est Ã©gal ğŸ¤·â€â™‚ï¸	Cela me dÃ©plaÃ®t â˜¹ï¸	Cela m'est Ã©gal ğŸ¤·â€â™‚ï¸	Cela me dÃ©plaÃ®t â˜¹ï¸	Cela est normal ainsi ğŸ™‚	Cela me plaÃ®t ğŸ¤©	Je m'en contente ğŸ˜‘	Cela me dÃ©plaÃ®t â˜¹ï¸	Cela m'est Ã©gal ğŸ¤·â€â™‚ï¸	Cela m'est Ã©gal ğŸ¤·â€â™‚ï¸	Cela m'est Ã©gal ğŸ¤·â€â™‚ï¸
12/10/2021 18:26:50	Je m'en contente ğŸ˜‘	Cela me plaÃ®t ğŸ¤©	Cela me plaÃ®t ğŸ¤©	Cela m'est Ã©gal ğŸ¤·â€â™‚ï¸	Cela me plaÃ®t ğŸ¤©	Cela m'est Ã©gal ğŸ¤·â€â™‚ï¸	Cela me plaÃ®t ğŸ¤©	Cela m'est Ã©gal ğŸ¤·â€â™‚ï¸	Cela me plaÃ®t ğŸ¤©	Cela m'est Ã©gal ğŸ¤·â€â™‚ï¸	Cela me plaÃ®t ğŸ¤©	Cela m'est Ã©gal ğŸ¤·â€â™‚ï¸	Cela me plaÃ®t ğŸ¤©	Je m'en contente ğŸ˜‘	Cela me plaÃ®t ğŸ¤©	Cela me dÃ©plaÃ®t â˜¹ï¸	Cela me plaÃ®t ğŸ¤©	Je m'en contente ğŸ˜‘	Cela me plaÃ®t ğŸ¤©	Je m'en contente ğŸ˜‘	Cela me plaÃ®t ğŸ¤©	Cela m'est Ã©gal ğŸ¤·â€â™‚ï¸
12/10/2021 18:27:05	Cela me plaÃ®t ğŸ¤©	Cela est normal ainsi ğŸ™‚	Cela me plaÃ®t ğŸ¤©	Je m'en contente ğŸ˜‘	Cela me plaÃ®t ğŸ¤©	Je m'en contente ğŸ˜‘	Cela me plaÃ®t ğŸ¤©	Cela est normal ainsi ğŸ™‚	Cela me plaÃ®t ğŸ¤©	Cela est normal ainsi ğŸ™‚	Cela m'est Ã©gal ğŸ¤·â€â™‚ï¸	Cela m'est Ã©gal ğŸ¤·â€â™‚ï¸	Cela me dÃ©plaÃ®t â˜¹ï¸	Cela me plaÃ®t ğŸ¤©	Cela m'est Ã©gal ğŸ¤·â€â™‚ï¸	Cela m'est Ã©gal ğŸ¤·â€â™‚ï¸	Cela me plaÃ®t ğŸ¤©	Cela est normal ainsi ğŸ™‚	Cela m'est Ã©gal ğŸ¤·â€â™‚ï¸	Cela est normal ainsi ğŸ™‚	Cela m'est Ã©gal ğŸ¤·â€â™‚ï¸	Cela m'est Ã©gal ğŸ¤·â€â™‚ï¸
12/10/2021 18:27:49	Cela m'est Ã©gal ğŸ¤·â€â™‚ï¸	Cela m'est Ã©gal ğŸ¤·â€â™‚ï¸	Cela m'est Ã©gal ğŸ¤·â€â™‚ï¸	Cela m'est Ã©gal ğŸ¤·â€â™‚ï¸	Cela m'est Ã©gal ğŸ¤·â€â™‚ï¸	Cela m'est Ã©gal ğŸ¤·â€â™‚ï¸	Cela m'est Ã©gal ğŸ¤·â€â™‚ï¸	Cela m'est Ã©gal ğŸ¤·â€â™‚ï¸	Cela me plaÃ®t ğŸ¤©	Cela m'est Ã©gal ğŸ¤·â€â™‚ï¸	Cela m'est Ã©gal ğŸ¤·â€â™‚ï¸	Cela m'est Ã©gal ğŸ¤·â€â™‚ï¸	Cela m'est Ã©gal ğŸ¤·â€â™‚ï¸	Cela m'est Ã©gal ğŸ¤·â€â™‚ï¸	Cela me plaÃ®t ğŸ¤©	Cela est normal ainsi ğŸ™‚	Cela m'est Ã©gal ğŸ¤·â€â™‚ï¸	Cela m'est Ã©gal ğŸ¤·â€â™‚ï¸	Cela me plaÃ®t ğŸ¤©	Je m'en contente ğŸ˜‘	Cela me plaÃ®t ğŸ¤©	Cela m'est Ã©gal ğŸ¤·â€â™‚ï¸
12/10/2021 18:33:59	Cela me plaÃ®t ğŸ¤©	Je m'en contente ğŸ˜‘	Cela me plaÃ®t ğŸ¤©	Cela me dÃ©plaÃ®t â˜¹ï¸	Cela me plaÃ®t ğŸ¤©	Cela me dÃ©plaÃ®t â˜¹ï¸	Cela me plaÃ®t ğŸ¤©	Cela me dÃ©plaÃ®t â˜¹ï¸	Cela me plaÃ®t ğŸ¤©	Cela me dÃ©plaÃ®t â˜¹ï¸	Cela me plaÃ®t ğŸ¤©	Cela me dÃ©plaÃ®t â˜¹ï¸	Cela me plaÃ®t ğŸ¤©	Cela me dÃ©plaÃ®t â˜¹ï¸	Cela me plaÃ®t ğŸ¤©	Je m'en contente ğŸ˜‘	Cela m'est Ã©gal ğŸ¤·â€â™‚ï¸	Cela est normal ainsi ğŸ™‚	Cela me dÃ©plaÃ®t â˜¹ï¸	Cela me plaÃ®t ğŸ¤©	Cela m'est Ã©gal ğŸ¤·â€â™‚ï¸	Cela m'est Ã©gal ğŸ¤·â€â™‚ï¸
12/10/2021 18:34:06	Cela me dÃ©plaÃ®t â˜¹ï¸	Cela me plaÃ®t ğŸ¤©	Cela m'est Ã©gal ğŸ¤·â€â™‚ï¸	Cela m'est Ã©gal ğŸ¤·â€â™‚ï¸	Cela est normal ainsi ğŸ™‚	Je m'en contente ğŸ˜‘	Cela m'est Ã©gal ğŸ¤·â€â™‚ï¸	Cela m'est Ã©gal ğŸ¤·â€â™‚ï¸	Cela me dÃ©plaÃ®t â˜¹ï¸	Cela me plaÃ®t ğŸ¤©	Cela m'est Ã©gal ğŸ¤·â€â™‚ï¸	Cela m'est Ã©gal ğŸ¤·â€â™‚ï¸	Cela me plaÃ®t ğŸ¤©	Cela me dÃ©plaÃ®t â˜¹ï¸	Cela m'est Ã©gal ğŸ¤·â€â™‚ï¸	Cela m'est Ã©gal ğŸ¤·â€â™‚ï¸	Cela me plaÃ®t ğŸ¤©	Cela me dÃ©plaÃ®t â˜¹ï¸	Cela me dÃ©plaÃ®t â˜¹ï¸	Cela me plaÃ®t ğŸ¤©	Cela m'est Ã©gal ğŸ¤·â€â™‚ï¸	Cela m'est Ã©gal ğŸ¤·â€â™‚ï¸
12/10/2021 18:34:39	Cela est normal ainsi ğŸ™‚	Cela est normal ainsi ğŸ™‚	Cela me plaÃ®t ğŸ¤©	Cela m'est Ã©gal ğŸ¤·â€â™‚ï¸	Cela me plaÃ®t ğŸ¤©	Je m'en contente ğŸ˜‘	Cela est normal ainsi ğŸ™‚	Cela m'est Ã©gal ğŸ¤·â€â™‚ï¸	Cela m'est Ã©gal ğŸ¤·â€â™‚ï¸	Cela est normal ainsi ğŸ™‚	Cela m'est Ã©gal ğŸ¤·â€â™‚ï¸	Cela m'est Ã©gal ğŸ¤·â€â™‚ï¸	Cela me dÃ©plaÃ®t â˜¹ï¸	Cela est normal ainsi ğŸ™‚	Cela me plaÃ®t ğŸ¤©	Je m'en contente ğŸ˜‘	Cela est normal ainsi ğŸ™‚	Je m'en contente ğŸ˜‘	Je m'en contente ğŸ˜‘	Cela est normal ainsi ğŸ™‚	Cela est normal ainsi ğŸ™‚	Cela m'est Ã©gal ğŸ¤·â€â™‚ï¸
12/10/2021 18:38:27	Cela me plaÃ®t ğŸ¤©	Cela est normal ainsi ğŸ™‚	Cela m'est Ã©gal ğŸ¤·â€â™‚ï¸	Cela m'est Ã©gal ğŸ¤·â€â™‚ï¸	Cela m'est Ã©gal ğŸ¤·â€â™‚ï¸	Cela m'est Ã©gal ğŸ¤·â€â™‚ï¸	Cela me plaÃ®t ğŸ¤©	Cela m'est Ã©gal ğŸ¤·â€â™‚ï¸	Cela me plaÃ®t ğŸ¤©	Cela m'est Ã©gal ğŸ¤·â€â™‚ï¸	Cela m'est Ã©gal ğŸ¤·â€â™‚ï¸	Cela m'est Ã©gal ğŸ¤·â€â™‚ï¸	Cela me dÃ©plaÃ®t â˜¹ï¸	Cela est normal ainsi ğŸ™‚	Cela me plaÃ®t ğŸ¤©	Cela m'est Ã©gal ğŸ¤·â€â™‚ï¸	Cela me plaÃ®t ğŸ¤©	Cela m'est Ã©gal ğŸ¤·â€â™‚ï¸	Cela me plaÃ®t ğŸ¤©	Cela m'est Ã©gal ğŸ¤·â€â™‚ï¸	Cela me plaÃ®t ğŸ¤©	Cela m'est Ã©gal ğŸ¤·â€â™‚ï¸
12/10/2021 18:38:53	Cela est normal ainsi ğŸ™‚	Cela m'est Ã©gal ğŸ¤·â€â™‚ï¸	Cela est normal ainsi ğŸ™‚	Cela m'est Ã©gal ğŸ¤·â€â™‚ï¸	Cela est normal ainsi ğŸ™‚	Cela m'est Ã©gal ğŸ¤·â€â™‚ï¸	Cela est normal ainsi ğŸ™‚	Cela m'est Ã©gal ğŸ¤·â€â™‚ï¸	Cela m'est Ã©gal ğŸ¤·â€â™‚ï¸	Je m'en contente ğŸ˜‘	Cela me dÃ©plaÃ®t â˜¹ï¸	Cela me plaÃ®t ğŸ¤©	Cela me plaÃ®t ğŸ¤©	Cela est normal ainsi ğŸ™‚	Cela me plaÃ®t ğŸ¤©	Cela m'est Ã©gal ğŸ¤·â€â™‚ï¸	Cela me plaÃ®t ğŸ¤©	Je m'en contente ğŸ˜‘	Cela me dÃ©plaÃ®t â˜¹ï¸	Cela me plaÃ®t ğŸ¤©	Cela m'est Ã©gal ğŸ¤·â€â™‚ï¸	Cela m'est Ã©gal ğŸ¤·â€â™‚ï¸
12/10/2021 18:39:26	Cela est normal ainsi ğŸ™‚	Cela m'est Ã©gal ğŸ¤·â€â™‚ï¸	Cela est normal ainsi ğŸ™‚	Cela m'est Ã©gal ğŸ¤·â€â™‚ï¸	Cela me plaÃ®t ğŸ¤©	Je m'en contente ğŸ˜‘	Cela me plaÃ®t ğŸ¤©	Je m'en contente ğŸ˜‘	Cela est normal ainsi ğŸ™‚	Cela m'est Ã©gal ğŸ¤·â€â™‚ï¸	Cela me plaÃ®t ğŸ¤©	Cela est normal ainsi ğŸ™‚	Cela est normal ainsi ğŸ™‚	Cela m'est Ã©gal ğŸ¤·â€â™‚ï¸	Cela me plaÃ®t ğŸ¤©	Cela est normal ainsi ğŸ™‚	Cela m'est Ã©gal ğŸ¤·â€â™‚ï¸	Cela m'est Ã©gal ğŸ¤·â€â™‚ï¸	Cela est normal ainsi ğŸ™‚	Je m'en contente ğŸ˜‘	Cela me plaÃ®t ğŸ¤©	Cela m'est Ã©gal ğŸ¤·â€â™‚ï¸
12/10/2021 18:42:34	Cela me dÃ©plaÃ®t â˜¹ï¸	Cela est normal ainsi ğŸ™‚	Cela m'est Ã©gal ğŸ¤·â€â™‚ï¸	Cela m'est Ã©gal ğŸ¤·â€â™‚ï¸	Cela me plaÃ®t ğŸ¤©	Je m'en contente ğŸ˜‘	Cela me dÃ©plaÃ®t â˜¹ï¸	Cela est normal ainsi ğŸ™‚	Cela m'est Ã©gal ğŸ¤·â€â™‚ï¸	Cela est normal ainsi ğŸ™‚	Cela me dÃ©plaÃ®t â˜¹ï¸	Cela est normal ainsi ğŸ™‚	Cela est normal ainsi ğŸ™‚	Cela m'est Ã©gal ğŸ¤·â€â™‚ï¸	Cela me plaÃ®t ğŸ¤©	Cela m'est Ã©gal ğŸ¤·â€â™‚ï¸	Cela m'est Ã©gal ğŸ¤·â€â™‚ï¸	Cela est normal ainsi ğŸ™‚	Cela me plaÃ®t ğŸ¤©	Je m'en contente ğŸ˜‘	Cela m'est Ã©gal ğŸ¤·â€â™‚ï¸	Cela m'est Ã©gal ğŸ¤·â€â™‚ï¸
12/10/2021 18:47:31	Cela me dÃ©plaÃ®t â˜¹ï¸	Cela me plaÃ®t ğŸ¤©	Je m'en contente ğŸ˜‘	Cela est normal ainsi ğŸ™‚	Je m'en contente ğŸ˜‘	Cela est normal ainsi ğŸ™‚	Cela me plaÃ®t ğŸ¤©	Cela est normal ainsi ğŸ™‚	Cela me dÃ©plaÃ®t â˜¹ï¸	Cela me plaÃ®t ğŸ¤©	Cela me plaÃ®t ğŸ¤©	Cela est normal ainsi ğŸ™‚	Cela me dÃ©plaÃ®t â˜¹ï¸	Cela me plaÃ®t ğŸ¤©	Cela me plaÃ®t ğŸ¤©	Cela est normal ainsi ğŸ™‚	Cela m'est Ã©gal ğŸ¤·â€â™‚ï¸	Cela m'est Ã©gal ğŸ¤·â€â™‚ï¸	Cela me dÃ©plaÃ®t â˜¹ï¸	Cela est normal ainsi ğŸ™‚	Cela m'est Ã©gal ğŸ¤·â€â™‚ï¸	Cela est normal ainsi ğŸ™‚
12/10/2021 18:58:06	Cela me plaÃ®t ğŸ¤©	Cela m'est Ã©gal ğŸ¤·â€â™‚ï¸	Cela me plaÃ®t ğŸ¤©	Cela m'est Ã©gal ğŸ¤·â€â™‚ï¸	Cela me plaÃ®t ğŸ¤©	Cela m'est Ã©gal ğŸ¤·â€â™‚ï¸	Cela me plaÃ®t ğŸ¤©	Cela m'est Ã©gal ğŸ¤·â€â™‚ï¸	Cela m'est Ã©gal ğŸ¤·â€â™‚ï¸	Cela m'est Ã©gal ğŸ¤·â€â™‚ï¸	Cela m'est Ã©gal ğŸ¤·â€â™‚ï¸	Cela m'est Ã©gal ğŸ¤·â€â™‚ï¸	Cela me dÃ©plaÃ®t â˜¹ï¸	Cela me plaÃ®t ğŸ¤©	Cela me dÃ©plaÃ®t â˜¹ï¸	Cela me plaÃ®t ğŸ¤©	Cela me plaÃ®t ğŸ¤©	Cela me dÃ©plaÃ®t â˜¹ï¸	Je m'en contente ğŸ˜‘	Cela est normal ainsi ğŸ™‚	Cela me plaÃ®t ğŸ¤©	Cela est normal ainsi ğŸ™‚
12/10/2021 19:03:25	Cela me dÃ©plaÃ®t â˜¹ï¸	Cela me plaÃ®t ğŸ¤©	Cela me plaÃ®t ğŸ¤©	Cela est normal ainsi ğŸ™‚	Cela me plaÃ®t ğŸ¤©	Cela est normal ainsi ğŸ™‚	Cela m'est Ã©gal ğŸ¤·â€â™‚ï¸	Cela est normal ainsi ğŸ™‚	Cela me dÃ©plaÃ®t â˜¹ï¸	Je m'en contente ğŸ˜‘	Cela me dÃ©plaÃ®t â˜¹ï¸	Cela me plaÃ®t ğŸ¤©	Cela me dÃ©plaÃ®t â˜¹ï¸	Cela est normal ainsi ğŸ™‚	Cela m'est Ã©gal ğŸ¤·â€â™‚ï¸	Cela est normal ainsi ğŸ™‚	Cela me plaÃ®t ğŸ¤©	Cela me dÃ©plaÃ®t â˜¹ï¸	Cela m'est Ã©gal ğŸ¤·â€â™‚ï¸	Cela m'est Ã©gal ğŸ¤·â€â™‚ï¸	Cela me dÃ©plaÃ®t â˜¹ï¸	Cela m'est Ã©gal ğŸ¤·â€â™‚ï¸
12/10/2021 19:05:02	Cela me dÃ©plaÃ®t â˜¹ï¸	Cela est normal ainsi ğŸ™‚	Cela me dÃ©plaÃ®t â˜¹ï¸	Cela est normal ainsi ğŸ™‚	Cela me plaÃ®t ğŸ¤©	Cela m'est Ã©gal ğŸ¤·â€â™‚ï¸	Cela m'est Ã©gal ğŸ¤·â€â™‚ï¸	Cela est normal ainsi ğŸ™‚	Cela me plaÃ®t ğŸ¤©	Je m'en contente ğŸ˜‘	Cela m'est Ã©gal ğŸ¤·â€â™‚ï¸	Cela est normal ainsi ğŸ™‚	Cela me plaÃ®t ğŸ¤©	Cela m'est Ã©gal ğŸ¤·â€â™‚ï¸	Cela me plaÃ®t ğŸ¤©	Cela m'est Ã©gal ğŸ¤·â€â™‚ï¸	Cela est normal ainsi ğŸ™‚	Je m'en contente ğŸ˜‘	Cela m'est Ã©gal ğŸ¤·â€â™‚ï¸	Cela est normal ainsi ğŸ™‚	Cela me plaÃ®t ğŸ¤©	Je m'en contente ğŸ˜‘
12/10/2021 19:10:23	Cela me plaÃ®t ğŸ¤©	Je m'en contente ğŸ˜‘	Cela me dÃ©plaÃ®t â˜¹ï¸	Cela est normal ainsi ğŸ™‚	Cela m'est Ã©gal ğŸ¤·â€â™‚ï¸	Cela est normal ainsi ğŸ™‚	Cela me dÃ©plaÃ®t â˜¹ï¸	Cela est normal ainsi ğŸ™‚	Cela me plaÃ®t ğŸ¤©	Cela est normal ainsi ğŸ™‚	Cela m'est Ã©gal ğŸ¤·â€â™‚ï¸	Cela m'est Ã©gal ğŸ¤·â€â™‚ï¸	Cela me dÃ©plaÃ®t â˜¹ï¸	Cela est normal ainsi ğŸ™‚	Cela me dÃ©plaÃ®t â˜¹ï¸	Cela est normal ainsi ğŸ™‚	Cela me plaÃ®t ğŸ¤©	Je m'en contente ğŸ˜‘	Cela me dÃ©plaÃ®t â˜¹ï¸	Cela est normal ainsi ğŸ™‚	Cela m'est Ã©gal ğŸ¤·â€â™‚ï¸	Cela m'est Ã©gal ğŸ¤·â€â™‚ï¸
12/10/2021 22:46:37	Je m'en contente ğŸ˜‘	Cela est normal ainsi ğŸ™‚	Cela me plaÃ®t ğŸ¤©	Cela me dÃ©plaÃ®t â˜¹ï¸	Cela me dÃ©plaÃ®t â˜¹ï¸	Cela me plaÃ®t ğŸ¤©	Cela me plaÃ®t ğŸ¤©	Je m'en contente ğŸ˜‘	Cela m'est Ã©gal ğŸ¤·â€â™‚ï¸	Cela m'est Ã©gal ğŸ¤·â€â™‚ï¸	Cela m'est Ã©gal ğŸ¤·â€â™‚ï¸	Cela m'est Ã©gal ğŸ¤·â€â™‚ï¸	Cela me plaÃ®t ğŸ¤©	Je m'en contente ğŸ˜‘	Je m'en contente ğŸ˜‘	Je m'en contente ğŸ˜‘	Cela me plaÃ®t ğŸ¤©	Je m'en contente ğŸ˜‘	Cela me dÃ©plaÃ®t â˜¹ï¸	Cela est normal ainsi ğŸ™‚	Cela me plaÃ®t ğŸ¤©	Cela est normal ainsi ğŸ™‚
13/10/2021 18:21:21	Cela me dÃ©plaÃ®t â˜¹ï¸	Cela est normal ainsi ğŸ™‚	Cela me dÃ©plaÃ®t â˜¹ï¸	Cela est normal ainsi ğŸ™‚	Je m'en contente ğŸ˜‘	Cela est normal ainsi ğŸ™‚	Cela me plaÃ®t ğŸ¤©	Je m'en contente ğŸ˜‘	Cela me dÃ©plaÃ®t â˜¹ï¸	Cela est normal ainsi ğŸ™‚	Cela me dÃ©plaÃ®t â˜¹ï¸	Cela est normal ainsi ğŸ™‚	Cela m'est Ã©gal ğŸ¤·â€â™‚ï¸	Je m'en contente ğŸ˜‘	Cela me plaÃ®t ğŸ¤©	Cela m'est Ã©gal ğŸ¤·â€â™‚ï¸	Cela m'est Ã©gal ğŸ¤·â€â™‚ï¸	Je m'en contente ğŸ˜‘	Cela m'est Ã©gal ğŸ¤·â€â™‚ï¸	Cela m'est Ã©gal ğŸ¤·â€â™‚ï¸	Cela me plaÃ®t ğŸ¤©	Je m'en contente ğŸ˜‘